user_name,rating,date,category,text,quote
Марина,4,reliability,Счётчик шагов иногда врут,"Счётчик шагов иногда врут — показывает 2000, когда я прошла от силы 500"
Денис,2,performance,Приложение жутко тормозит,"Приложение жутко тормозит. Чтобы открыть дневник питания, нужно ждать по 10 секунд"
Денис,2,ads,Постоянные предложения купить премиум,"И ещё эти постоянные предложения купить премиум. Я уже купил, чего вы меня донимаете?"
Иван,1,reliability,После обновления перестал синхронизироваться с браслетом,После обновления перестал синхронизироваться с браслетом
Иван,1,support,Поддержка молчит,поддержка молчит
Иван,1,price,Верните деньги за подписку,Верните деньги за подписку!
Ольга,3,design,Тренировки однотипные,"Тренировки однотипные, через месяц надоедают"
Ольга,3,support,Бот в поддержке отвечает шаблонно,"И ещё этот бот в поддержке — бесит, на любой вопрос отвечает «заполните форму на сайте»"
Анна,2,performance,Приложение начало вылетать при открытии дневника калорий,через месяц приложение начало вылетать при открытии дневника калорий
Анна,2,support,"Поддержка ответила через пять дней, совет не помог","Поддержка ответила через пять дней, сказали переустановить. Не помогло"
Анна,2,price,Обидно за деньги,Обидно за деньги
Павел,4,design,"Некоторые упражнения странные, можно травму получить","Минус — некоторые упражнения странные, с ними можно травму получить"
Виктор,1,support,Техподдержка не отвечает две недели,"Написал в техподдержку, что списали двойную оплату за премиум — тишина уже две недели"
Виктор,1,price,Списали двойную оплату,списали двойную оплату за премиум
Юлия,4,ads,"Реклама бесит, баннер на полэкрана",реклама бесит. Не премиум — так баннер на полэкрана и закрыть нельзя
Юлия,4,price,Дороговато для такой простой программы,"Купила премиум — всё ок, но дороговато для такой простой программы"
Андрей,3,price,За 699 в месяц — перебор,здесь за 699 в месяц — перебор
Андрей,3,support,Чат с тренером — просто бот,"чат с тренером — просто бот, который шлёт заготовки"
Максим,2,performance,Стабильно зависает в пятницу вечером,Стабильно зависает в пятницу вечером
Максим,2,reliability,"Не грузится, возможно сервера не выдерживают","а тут — бац, не грузится. Может, сервера у них не выдерживают"
Светлана,4,design,База продуктов российских мало,база продуктов российских мало — приходится самой всё вручную вбивать
Дмитрий,1,price,"Дважды оплатил подписку, доступ не открылся","Дважды оплатил подписку через гугл, деньги списали, а доступ не открылся"
Дмитрий,1,support,Поддержка просто говорит ждать,Поддержка в ответ — просто «подождите 24 часа». Прошла неделя
Роман,3,design,"Интерфейс перегружен, куча ненужных фишек","Интерфейс перегружен, куча ненужных фишек"
Кристина,4,reliability,Странно считает сожжённые калории,"иногда странно считает сожжённые калории. Пробежка 5 км — показывает 800 ккал, что явно завышено"
Галина,2,performance,"Постоянно вылетает, особенно при открытии истории веса","Постоянно вылетает, особенно когда открываешь историю веса"
Галина,2,reliability,В дневнике питания половина продуктов пропадает,В дневнике питания половина продуктов из моих сохранений пропадает
Галина,2,support,Поддержка не отвечает,Поддержка не отвечает
Артём,4,reliability,Автоопределение активности неточное,"Автоопределение активности неточное — думает что я сплю, когда я читаю книгу"
Никита,1,reliability,"Запросило доступ ко всем данным, включая местоположение и контакты","После первого же запуска запросило доступ ко всем данным, включая местоположение и контакты"
Валентина,4,price,Цена за премиум кусается,цена за премиум кусается — 699 в месяц или 4490 в год
Георгий,3,reliability,Появилось слишком много багов,за последние два месяца появилось слишком много багов
Георгий,3,reliability,"Статусы не обновляются, графики веса рисуются с нуля","Статусы «завершил тренировку» не обновляются, графики веса иногда рисуются с нуля"
Станислав,2,design,"Ничего не понятно с первого раза, терминология сложная","Ничего не понятно с первого раза, терминология сложная. Подсказки нет, обучение отсутствует"
Полина,4,performance,"Сильно грузит телефон, виснет, греется, аккумулятор садится","сильно грузит телефон (Android 12, 4GB RAM). Виснет, греется, аккумулятор садится за пару часов"
Артём,2,reliability,После обновления перестал работать счётчик калорий,После обновления перестал работать счётчик калорий. Показывает какую-то ерунду: 5000 калорий за час ходьбы
Дмитрий,1,performance,Каждые 5 минут вылетает,Каждые 5 минут вылетает. Куда ни ткни — ошибка
Дмитрий,1,price,Стыдно брать такие деньги за 999 рублей в месяц,И это за 999 рублей в месяц? Стыдно брать такие деньги
Алина,3,design,"Невозможно найти историю тренировок, кнопки нелогичные","Невозможно найти историю тренировок, кнопки нелогичные"
Алина,3,support,Поддержка отвечает через 3 дня,Поддержка отвечает через 3 дня
Сергей,1,reliability,Приложение съело все данные после сброса телефона,"Приложение съело все мои данные после сброса телефона. Ни облачной синхронизации, ни экспорта"
Максим,4,ads,Навязчивая реклама премиума,навязчивая реклама премиума бесит. Каждый раз при открытии баннер на полэкрана
Иван,1,price,"Списали за год вперёд, деньги не вернули","Подписался на триал, забыл отменить — списали за год вперёд. Деньги не вернули"
Иван,1,support,Поддержка игнорирует,поддержка игнорирует
Юлия,2,performance,"Сплошные лаги, видео не грузятся",сплошные лаги. Видео с тренировками не грузятся
Юлия,2,reliability,Весы не синхронизируются с MiFit,весы не синхронизируются с MiFit
Андрей,3,design,Дизайн устаревший,дизайн устаревший
Марина,1,reliability,"Регистрация не проходит, подтверждение по смс не приходит","Регистрация не проходит, подтверждение по смс не приходит"
Марина,1,ads,Спам на почту льют каждый день,Зато спам на почту льют каждый день
Павел,4,reliability,После обновления сбросились настройки,после обновления сбросились настройки
Елена,2,performance,"Очень медленно работает, запускается 20 секунд, лаги","Очень медленно работает. Запускается секунд 20, переключение между экранами с лагами"
Антон,1,price,Заплатил 1500 — получил кота в мешке,Заплатил 1500 — получил кота в мешке
Анонимный пользователь 12,2,reliability,Сырое приложение с кучей багов,сырое приложение с кучей багов
Анонимный пользователь 12,2,support,"Чат-бот тупит, отвечает невпопад","Чат-бот тупит, отвечает невпопад"
